{
  "lo": 0.6,
  "hi": 1.6,
  "alpha": 3.3,
  "samples": {
    "U": [
      1.03,
      0.96,
      0.75,
      0.61,
      1.31,
      1.5899999999999999,
      1.03,
      1.45,
      0.6799999999999999,
      1.52,
      1.1,
      0.89,
      1.52,
      0.96,
      1.2399999999999998,
      1.38,
      1.31,
      0.8200000000000001,
      1.5899999999999999,
      0.61,
      1.1,
      0.6799999999999999,
      0.8200000000000001,
      0.75,
      1.17,
      1.45,
      1.17,
      0.89,
      1.2399999999999998,
      1.38
    ],
    "L": [
      1.2419311570972031,
      1.2785646648031737,
      0.8784158598310003,
      1.481172621198217,
      0.9833904746395707,
      1.3863399090222692,
      0.8784158598310003,
      1.3139669515973391,
      1.349348231154265,
      0.6000367879051614,
      1.1602627753519907,
      1.481172621198217,
      1.1120728264889639,
      0.9833904746395707,
      1.2029339825175271,
      1.2785646648031737,
      1.6,
      1.2419311570972031,
      1.0552523048117801,
      1.0552523048117801,
      0.6000367879051614,
      1.4278183457991802,
      1.3863399090222692,
      1.4278183457991802,
      1.2029339825175271,
      1.349348231154265,
      1.1120728264889639,
      1.3139669515973391,
      1.6,
      1.1602627753519907
    ],
    "R": [
      0.7188273788017773,
      1.0397372246480046,
      0.8136600909777278,
      0.850651768845732,
      1.0397372246480046,
      0.9970660174824688,
      1.5999632120947143,
      1.5999632120947143,
      0.8860330484026575,
      0.7721816542008159,
      0.9580688429027935,
      1.2166095253604194,
      1.1447476951882127,
      1.0879271735110305,
      0.7188273788017773,
      0.6,
      1.0879271735110305,
      1.3215841401689827,
      0.7721816542008159,
      0.9580688429027935,
      0.9214353351968231,
      0.9214353351968231,
      0.6,
      0.8136600909777278,
      0.850651768845732,
      1.2166095253604194,
      1.3215841401689827,
      0.8860330484026575,
      0.9970660174824688,
      1.1447476951882127
    ]
  },
  "params": {
    "encoding": "linear",
    "hi": 1.6,
    "lo": 0.6,
    "muL": 1.4690467736681427,
    "muR": 0.7309532263318574,
    "pHi": 0.99,
    "pLo": 0.01,
    "selectedAlpha": 3.3,
    "sigmaL": 0.33737089634886475,
    "sigmaR": 0.33737089634886475,
    "sigmaRef": 0.21492916239199664,
    "varRef": 0.046194544846525264
  }
}